City_ID,City,Country,Date,Lat,Lng,Max Temp,Humidity,Cloudiness,Wind Speed
0,Liwale,TZ,2020-11-29 21:23:45,-9.77,37.93,71.85,91,0,4.54
1,Vanavara,RU,2020-11-29 21:23:45,60.34,102.28,3.29,94,100,6.13
2,Victoria,HK,2020-11-29 21:23:06,22.29,114.16,64.0,69,99,10.13
3,Nuuk,GL,2020-11-29 21:18:57,64.18,-51.72,30.2,68,100,24.16
4,Aklavik,CA,2020-11-29 21:23:46,68.22,-135.01,-2.2,77,100,3.36
5,Najran,SA,2020-11-29 21:19:08,17.49,44.13,73.4,38,75,3.56
6,Miri,MY,2020-11-29 21:23:47,4.41,114.01,75.2,94,40,2.24
7,Qaqortoq,GL,2020-11-29 21:23:47,60.72,-46.03,23.0,53,100,3.36
8,Kapaa,US,2020-11-29 21:23:48,22.08,-159.32,77.0,78,75,14.99
9,Yako,BF,2020-11-29 21:23:48,12.97,-2.27,80.46,26,0,7.63
10,Xining,CN,2020-11-29 21:23:49,36.62,101.77,22.01,90,71,1.61
11,Busselton,AU,2020-11-29 21:23:49,-33.65,115.33,48.99,97,22,16.96
12,Saldanha,ZA,2020-11-29 21:23:50,-33.01,17.94,59.0,82,0,9.17
13,Tuktoyaktuk,CA,2020-11-29 21:23:50,69.45,-133.04,1.4,84,90,9.17
14,Brae,GB,2020-11-29 21:23:51,60.4,-1.35,48.2,87,100,29.97
15,Santiago Del Estero,AR,2020-11-29 21:23:51,-27.8,-64.26,102.99,36,22,3.0
16,Longyearbyen,SJ,2020-11-29 21:23:52,78.22,15.64,17.6,57,75,9.17
17,Albany,US,2020-11-29 21:23:52,42.6,-73.97,48.0,47,25,3.8
18,Rikitea,PF,2020-11-29 21:23:53,-23.12,-134.97,76.08,81,79,11.18
19,Ribeira Grande,PT,2020-11-29 21:23:53,38.52,-28.7,60.8,67,40,10.29
20,Hithadhoo,MV,2020-11-29 21:20:17,-0.6,73.08,82.11,69,100,7.99
21,Dikson,RU,2020-11-29 21:23:54,73.51,80.55,31.66,99,100,26.46
22,Hobart,AU,2020-11-29 21:20:10,-42.88,147.33,57.99,66,20,5.82
23,Trelew,AR,2020-11-29 21:22:43,-43.25,-65.31,64.42,28,0,12.06
24,Salalah,OM,2020-11-29 21:23:55,17.02,54.09,77.0,73,75,2.24
25,Grants,US,2020-11-29 21:23:10,35.15,-107.85,48.2,31,1,12.75
26,Necochea,AR,2020-11-29 21:23:56,-38.55,-58.74,62.01,64,76,22.68
27,Linden,GY,2020-11-29 21:22:50,6.0,-58.3,78.8,94,75,4.7
28,Lensk,RU,2020-11-29 21:23:56,60.73,114.93,2.12,90,100,11.63
29,Tara,RU,2020-11-29 21:23:57,56.89,74.37,2.44,94,0,4.23
30,Eirunepe,BR,2020-11-29 21:23:57,-6.66,-69.87,82.65,84,100,2.13
31,Wick,GB,2020-11-29 21:23:58,58.43,-3.08,46.4,87,100,6.93
32,Margate,GB,2020-11-29 21:23:58,51.38,1.39,48.0,84,66,4.21
33,Castro,BR,2020-11-29 21:19:34,-24.79,-50.01,74.3,79,100,1.86
34,Airai,TL,2020-11-29 21:23:59,-8.93,125.41,61.68,88,24,1.1
35,Saint-Philippe,RE,2020-11-29 21:23:59,-21.36,55.77,73.4,78,0,2.24
36,Port Alfred,ZA,2020-11-29 21:24:00,-33.59,26.89,63.37,76,0,8.55
37,Cape Town,ZA,2020-11-29 21:23:26,-33.93,18.42,62.01,82,20,14.99
38,Pisco,PE,2020-11-29 21:24:00,-13.7,-76.22,68.0,82,0,23.04
39,Sinnamary,GF,2020-11-29 21:24:01,5.38,-52.95,80.82,82,28,9.19
40,Derzhavinsk,KZ,2020-11-29 21:24:01,51.1,66.32,0.16,93,6,5.39
41,Nikolskoye,RU,2020-11-29 21:24:01,59.7,30.79,30.2,86,90,13.42
42,Kupang,ID,2020-11-29 21:24:02,-10.17,123.58,77.0,100,20,1.54
43,Butaritari,KI,2020-11-29 21:24:02,3.07,172.79,81.99,79,29,20.62
44,Dingle,PH,2020-11-29 21:24:02,11.0,122.67,74.37,92,1,6.89
45,Narsaq,GL,2020-11-29 21:24:03,60.92,-46.05,23.0,53,100,3.36
46,Lompoc,US,2020-11-29 21:19:05,34.64,-120.46,68.0,30,1,9.17
47,Mar Del Plata,AR,2020-11-29 21:24:04,-38.0,-57.56,64.4,48,0,16.11
48,Souillac,MU,2020-11-29 21:24:04,-20.52,57.52,75.2,88,75,6.93
49,Avarua,CK,2020-11-29 21:24:04,-21.21,-159.78,82.4,83,89,5.82
50,Atambua,ID,2020-11-29 21:24:05,-9.11,124.89,75.79,80,93,1.43
51,Punta Arenas,CL,2020-11-29 21:21:47,-53.15,-70.92,51.8,66,75,19.46
52,Fort Nelson,CA,2020-11-29 21:23:47,58.81,-122.7,35.6,59,20,5.82
53,Nizhniy Kuranakh,RU,2020-11-29 21:24:06,58.84,125.49,-0.9,91,100,6.42
54,Kavaratti,IN,2020-11-29 21:24:07,10.57,72.64,82.13,68,0,2.26
55,Jamestown,US,2020-11-29 21:24:07,42.1,-79.24,48.0,48,1,8.05
56,Luderitz,NA,2020-11-29 21:24:08,-26.65,15.16,59.0,87,0,11.41
57,Tiarei,PF,2020-11-29 21:24:08,-17.53,-149.33,86.0,70,20,17.22
58,Alice Springs,AU,2020-11-29 21:23:41,-23.7,133.88,84.99,32,9,4.7
59,Pimenta Bueno,BR,2020-11-29 21:24:09,-11.67,-61.19,90.39,50,38,3.4
60,Ancud,CL,2020-11-29 21:24:09,-41.87,-73.82,60.01,66,75,4.7
61,Nanakuli,US,2020-11-29 21:24:09,21.39,-158.15,78.8,61,75,9.17
62,Torbay,CA,2020-11-29 21:24:10,47.67,-52.73,39.99,86,90,24.16
63,Eisenach,DE,2020-11-29 21:24:10,50.98,10.32,35.01,63,61,0.83
64,Pericos,MX,2020-11-29 21:24:11,25.05,-107.7,87.01,33,5,6.93
65,Qaanaaq,GL,2020-11-29 21:24:11,77.48,-69.36,-16.94,81,100,2.93
66,Poum,NC,2020-11-29 21:24:11,-20.23,164.02,76.19,66,48,13.89
67,Kismayo,SO,2020-11-29 21:24:12,-0.36,42.55,80.46,81,0,11.12
68,Plainview,US,2020-11-29 21:24:12,40.78,-73.47,51.01,46,1,9.17
69,Bluff,NZ,2020-11-29 21:24:12,-46.6,168.33,53.01,93,100,7.0
70,Yellowknife,CA,2020-11-29 21:24:14,62.46,-114.35,25.0,79,20,4.7
71,Saint-Francois,FR,2020-11-29 21:24:14,46.42,3.91,35.6,80,90,6.93
72,Auka,HN,2020-11-29 21:24:14,14.93,-83.83,84.9,62,20,5.21
73,At-Bashi,KG,2020-11-29 21:24:15,41.17,75.81,8.01,71,0,0.69
74,Preobrazheniye,RU,2020-11-29 21:24:15,42.9,133.91,22.28,82,0,8.59
75,Vaini,TO,2020-11-29 21:24:15,-21.2,-175.2,78.8,78,40,11.41
76,Los Llanos De Aridane,ES,2020-11-29 21:24:15,28.66,-17.92,64.4,68,40,8.05
77,Kysyl-Syr,RU,2020-11-29 21:24:16,63.9,122.76,-13.9,89,100,6.04
78,Igarka,RU,2020-11-29 21:24:16,67.47,86.58,4.77,94,100,16.6
79,Upernavik,GL,2020-11-29 21:24:16,72.79,-56.15,6.31,87,100,17.96
80,Komsomolets,KZ,2020-11-29 21:24:17,53.75,62.07,5.61,94,0,2.51
81,Saskylakh,RU,2020-11-29 21:24:17,71.92,114.08,13.24,94,97,16.24
82,Esperance,AU,2020-11-29 21:24:17,-33.87,121.9,59.0,93,90,16.11
83,Moose Factory,CA,2020-11-29 21:24:17,51.26,-80.61,24.8,92,90,2.24
84,Atuona,PF,2020-11-29 21:24:18,-9.8,-139.03,79.39,78,8,21.56
85,Klaksvik,FO,2020-11-29 21:24:18,62.23,-6.59,44.6,70,66,24.16
86,Chapais,CA,2020-11-29 21:24:18,49.78,-74.85,26.6,86,90,3.36
87,Chuy,UY,2020-11-29 21:24:19,-33.7,-53.46,76.1,68,3,8.28
88,San Policarpo,PH,2020-11-29 21:24:19,12.18,125.51,80.76,83,83,15.75
89,Sorong,ID,2020-11-29 21:24:19,-0.88,131.25,78.91,90,100,18.39
90,Sitka,US,2020-11-29 21:24:20,57.05,-135.33,41.0,80,75,10.29
91,Ushuaia,AR,2020-11-29 21:22:44,-54.8,-68.3,50.0,71,75,6.93
92,Baglung,NP,2020-11-29 21:24:21,28.27,83.59,54.05,42,0,4.21
93,Hilo,US,2020-11-29 21:24:21,19.73,-155.09,80.6,61,1,9.17
94,Marawi,PH,2020-11-29 21:24:21,8.0,124.29,73.99,89,97,4.0
95,Kisangani,CD,2020-11-29 21:24:22,0.52,25.2,69.44,97,66,1.86
96,Pevek,RU,2020-11-29 21:24:22,69.7,170.31,-1.57,93,100,7.02
97,Canby,US,2020-11-29 21:24:23,45.26,-122.69,46.99,81,90,5.82
98,Georgetown,MY,2020-11-29 21:22:42,5.41,100.34,77.0,94,20,4.7
99,Hermanus,ZA,2020-11-29 21:24:23,-34.42,19.23,54.0,88,0,8.23
100,San Patricio,US,2020-11-29 21:24:24,28.02,-97.52,71.6,46,20,13.87
101,Komsomolskiy,UZ,2020-11-29 21:24:24,40.43,71.72,30.2,80,0,4.7
102,Provideniya,RU,2020-11-29 21:24:25,64.38,-173.3,21.2,67,0,13.42
103,Storforshei,NO,2020-11-29 21:24:25,66.4,14.52,37.0,91,75,2.24
104,Fatehpur,IN,2020-11-29 21:24:26,25.93,80.8,61.11,46,0,2.57
105,Tasiilaq,GL,2020-11-29 21:24:26,65.61,-37.64,14.0,47,0,2.24
106,Nome,US,2020-11-29 21:24:27,64.5,-165.41,12.2,66,1,5.82
107,Nelson Bay,AU,2020-11-29 21:24:27,-32.72,152.15,70.0,82,75,8.05
108,Sanming,CN,2020-11-29 21:24:27,26.25,117.62,54.75,71,98,3.65
109,Jiancheng,CN,2020-11-29 21:24:28,30.39,104.55,50.0,100,40,3.94
110,Prabumulih,ID,2020-11-29 21:24:28,-3.45,104.25,73.0,98,98,1.92
111,Leningradskiy,RU,2020-11-29 21:24:29,69.38,178.42,7.43,92,100,14.99
112,Severo-Kurilsk,RU,2020-11-29 21:24:29,50.68,156.12,29.43,93,100,7.43
113,Gushikawa,JP,2020-11-29 21:24:29,26.35,127.87,68.0,72,90,13.87
114,Bredasdorp,ZA,2020-11-29 21:24:30,-34.53,20.04,53.6,87,0,2.24
115,Khatanga,RU,2020-11-29 21:24:30,71.97,102.5,14.22,95,100,21.83
116,Wattegama,LK,2020-11-29 21:24:30,6.8,81.48,77.0,94,0,8.05
117,Port Elizabeth,ZA,2020-11-29 21:20:05,-33.92,25.57,59.0,87,0,3.36
118,Baruun-Urt,MN,2020-11-29 21:24:31,46.68,113.28,-1.12,89,0,7.65
119,Weihe,CN,2020-11-29 21:24:31,33.0,105.32,33.62,91,83,2.33
120,Ryotsu,JP,2020-11-29 21:24:32,38.08,138.43,42.8,100,75,3.36
121,Lavrentiya,RU,2020-11-29 21:24:32,65.58,-171.0,14.74,93,0,12.08
122,Rabo De Peixe,PT,2020-11-29 21:24:33,37.8,-25.58,59.0,77,20,31.09
123,Karlsfeld,DE,2020-11-29 21:24:33,48.22,11.47,30.99,87,0,4.43
124,Talara,PE,2020-11-29 21:24:33,-4.58,-81.27,70.02,77,97,14.74
125,Lokosovo,RU,2020-11-29 21:24:34,61.13,74.82,1.31,93,42,6.76
126,Jati,PK,2020-11-29 21:24:34,24.35,68.27,66.07,34,0,4.52
127,Ilulissat,GL,2020-11-29 21:24:35,69.22,-51.1,28.4,63,100,19.46
128,Goderich,CA,2020-11-29 21:24:35,43.75,-81.72,46.4,65,100,13.87
129,Zhigansk,RU,2020-11-29 21:24:35,66.77,123.37,-2.97,92,100,11.83
130,Gurlan,UZ,2020-11-29 21:24:36,41.84,60.39,28.4,73,0,16.11
131,Asau,RO,2020-11-29 21:24:36,46.43,26.4,34.0,100,75,1.12
132,Alghero,IT,2020-11-29 21:24:36,40.56,8.32,48.99,93,0,3.36
133,Miyako,JP,2020-11-29 21:24:37,39.64,141.95,37.72,77,32,4.9
134,Wyndham,US,2020-11-29 21:24:37,37.7,-77.61,59.0,58,1,6.93
135,Mataura,NZ,2020-11-29 21:24:38,-46.19,168.86,53.01,93,100,7.0
136,Erenhot,CN,2020-11-29 21:24:38,43.65,111.98,2.86,91,0,5.06
137,Codrington,AU,2020-11-29 21:24:38,-38.27,141.97,52.86,83,93,9.01
138,Nouadhibou,MR,2020-11-29 21:24:39,20.93,-17.03,68.0,72,0,8.05
139,Shingu,JP,2020-11-29 21:24:40,33.73,135.98,43.95,81,0,7.47
140,Karratha,AU,2020-11-29 21:24:40,-20.74,116.85,79.45,35,0,9.66
141,Kruisfontein,ZA,2020-11-29 21:24:40,-34.0,24.73,57.0,86,0,1.99
142,Ballina,AU,2020-11-29 21:24:41,-28.87,153.57,73.0,73,90,17.22
143,Karasjok,NO,2020-11-29 21:24:41,69.47,25.51,28.4,74,0,34.45
144,Elban,RU,2020-11-29 21:24:42,50.1,136.51,10.98,93,92,0.87
145,Arcata,US,2020-11-29 21:20:24,40.87,-124.08,61.0,76,1,6.93
146,Nanortalik,GL,2020-11-29 21:24:42,60.14,-45.24,28.76,85,100,7.07
147,Kushiro,JP,2020-11-29 21:24:43,42.98,144.37,31.21,91,0,9.57
148,Alofi,NU,2020-11-29 21:23:42,-19.06,-169.92,78.8,94,75,8.05
149,Buluang,PH,2020-11-29 21:24:43,13.31,123.34,76.03,86,51,5.82
150,Makakilo City,US,2020-11-29 21:24:44,21.35,-158.09,78.8,61,75,9.17
151,Lashio,MM,2020-11-29 21:24:44,22.93,97.75,55.45,97,0,1.72
152,Lebu,CL,2020-11-29 21:24:44,-37.62,-73.65,56.03,65,0,26.35
153,Chokurdakh,RU,2020-11-29 21:24:45,70.63,147.92,-8.25,91,98,11.18
154,Jaisalmer,IN,2020-11-29 21:24:45,26.91,70.92,59.36,30,0,2.89
155,Saint-Pierre,RE,2020-11-29 21:24:46,-21.34,55.48,71.6,78,0,2.24
156,Lagoa,PT,2020-11-29 21:24:46,39.05,-27.98,60.64,74,100,27.07
157,Tiksi,RU,2020-11-29 21:24:47,71.69,128.87,2.1,89,100,20.74
158,Ponta Do Sol,PT,2020-11-29 21:24:47,32.67,-17.1,57.2,76,75,21.92
159,Sisimiut,GL,2020-11-29 21:24:47,66.94,-53.67,22.35,94,100,2.48
160,Segou,ML,2020-11-29 21:24:48,13.43,-6.22,80.76,21,75,6.62
161,Amnat Charoen,TH,2020-11-29 21:24:48,15.92,104.75,67.03,73,45,19.26
162,Hangu,CN,2020-11-29 21:24:48,39.25,117.79,25.0,57,0,8.95
163,Barrow,US,2020-11-29 21:24:49,71.29,-156.79,3.2,77,90,5.82
164,Sur,OM,2020-11-29 21:24:49,22.57,59.53,68.94,64,0,3.38
165,Puerto Ayora,EC,2020-11-29 21:24:50,-0.74,-90.35,75.2,78,75,10.29
166,Juneau,US,2020-11-29 21:24:09,58.3,-134.42,39.2,86,90,12.75
167,Voh,NC,2020-11-29 21:24:51,-20.97,164.7,79.59,50,0,3.76
168,Plettenberg Bay,ZA,2020-11-29 21:24:51,-34.05,23.37,59.79,73,0,3.38
169,Tautira,PF,2020-11-29 21:24:52,-17.73,-149.15,86.0,70,20,17.22
170,Meybod,IR,2020-11-29 21:24:52,32.25,54.02,46.4,87,0,4.7
171,Am Timan,TD,2020-11-29 21:24:52,11.03,20.28,76.05,26,21,4.83
172,Ahuimanu,US,2020-11-29 21:24:53,21.44,-157.84,82.4,65,75,11.41
173,Lazaro Cardenas,MX,2020-11-29 21:24:53,17.96,-102.2,82.27,69,1,7.9
174,Bima,ID,2020-11-29 21:24:54,-8.47,118.72,77.81,84,45,2.93
175,Muros,ES,2020-11-29 21:24:54,42.78,-9.06,51.01,91,100,6.85
176,Yamada,JP,2020-11-29 21:24:55,39.47,141.95,39.18,74,67,4.32
177,Thompson,CA,2020-11-29 21:24:55,55.74,-97.86,8.6,71,20,4.7
178,Dalrymple,GB,2020-11-29 21:24:55,55.4,-4.59,48.2,93,40,5.82
179,Beringovskiy,RU,2020-11-29 21:24:56,63.05,179.32,3.69,92,8,13.38
180,Kudahuvadhoo,MV,2020-11-29 21:24:57,2.67,72.89,81.81,66,1,7.31
181,Houma,US,2020-11-29 21:21:24,29.6,-90.72,63.0,93,90,10.29
182,Plovdiv,BG,2020-11-29 21:24:57,42.15,24.75,44.6,70,90,4.7
183,Jiaozuo,CN,2020-11-29 21:24:58,35.24,113.23,35.74,78,5,2.3
184,Pochutla,MX,2020-11-29 21:24:58,15.74,-96.47,84.2,70,75,5.84
185,East London,ZA,2020-11-29 21:24:58,-33.02,27.91,65.14,76,15,7.7
186,Jizan,SA,2020-11-29 21:24:59,17.33,42.67,80.6,78,20,3.36
187,Beaune,FR,2020-11-29 21:24:59,47.08,4.75,37.4,74,90,10.29
188,Stanger,ZA,2020-11-29 21:25:00,-29.33,31.29,66.2,82,0,1.12
189,Surt,LY,2020-11-29 21:25:00,31.21,16.59,65.46,41,0,15.28
190,Svarstad,NO,2020-11-29 21:25:00,59.4,9.97,28.99,100,90,2.24
191,Berdigestyakh,RU,2020-11-29 21:25:01,62.1,126.7,-7.49,90,100,5.77
192,Grindavik,IS,2020-11-29 21:25:01,63.84,-22.43,32.0,83,75,12.75
193,Mayo,US,2020-11-29 21:25:04,38.89,-76.51,54.0,57,1,4.7
194,Carupano,VE,2020-11-29 21:25:05,10.67,-63.26,81.48,80,33,11.1
195,Yar-Sale,RU,2020-11-29 21:25:05,66.83,70.83,19.15,95,100,22.32
196,Bethel,US,2020-11-29 21:25:05,41.37,-73.41,51.8,27,1,6.93
197,Parabel,RU,2020-11-29 21:25:06,58.7,81.48,0.23,93,32,5.59
198,Troitsko-Pechorsk,RU,2020-11-29 21:25:06,62.71,56.2,6.67,95,8,6.06
199,Broome,US,2020-11-29 21:25:06,42.25,-75.83,46.99,45,1,4.7
200,Kedrovyy,RU,2020-11-29 21:25:07,56.17,91.82,-9.4,76,61,3.22
201,Faanui,PF,2020-11-29 21:25:07,-16.48,-151.75,81.34,75,0,8.1
202,Mandera,KE,2020-11-29 21:25:07,3.94,41.87,87.26,40,31,6.13
203,Kalashnikovo,RU,2020-11-29 21:25:08,57.28,35.23,36.23,96,100,12.68
204,Mehamn,NO,2020-11-29 21:25:08,71.04,27.85,37.4,69,0,24.16
205,Altamira,BR,2020-11-29 21:25:09,-3.2,-52.21,78.8,94,0,3.36
206,Bambous Virieux,MU,2020-11-29 21:25:09,-20.34,57.76,75.2,88,75,6.93
207,Sao Filipe,CV,2020-11-29 21:25:09,14.9,-24.5,74.66,66,99,10.85
208,San Rafael,AR,2020-11-29 21:25:10,-34.62,-68.33,77.67,25,0,14.2
209,Itacare,BR,2020-11-29 21:25:10,-14.28,-39.0,78.8,78,75,4.7
210,Taoudenni,ML,2020-11-29 21:25:10,22.68,-3.98,70.2,23,100,6.8
211,Kalmunai,LK,2020-11-29 21:25:11,7.42,81.82,78.08,86,98,5.53
212,Batagay,RU,2020-11-29 21:25:11,67.63,134.63,-22.77,84,81,4.92
213,Saint George,US,2020-11-29 21:21:41,37.1,-113.58,57.0,23,1,1.9
214,Yantai,CN,2020-11-29 21:25:12,37.53,121.4,37.22,74,66,7.54
215,Kaitangata,NZ,2020-11-29 21:25:13,-46.28,169.85,54.0,91,100,4.0
216,Alyangula,AU,2020-11-29 21:25:13,-13.85,136.42,78.8,94,61,1.12
217,Miguel Pereira,BR,2020-11-29 21:25:13,-22.45,-43.47,93.2,55,20,11.41
218,Pangnirtung,CA,2020-11-29 21:25:14,66.15,-65.71,8.6,84,90,5.82
219,Westport,US,2020-11-29 21:25:14,41.14,-73.36,51.8,40,1,5.82
220,Arlit,NE,2020-11-29 21:25:14,18.74,7.39,80.08,16,0,7.7
221,College,US,2020-11-29 21:25:15,64.86,-147.8,8.01,77,40,1.63
222,Omboue,GA,2020-11-29 21:25:15,-1.57,9.26,77.04,91,100,3.85
223,Ambilobe,MG,2020-11-29 21:25:16,-13.2,49.05,75.43,82,37,3.0
224,San Juan,AR,2020-11-29 21:25:16,-31.54,-68.54,82.9,28,0,24.2
225,Lata,PT,2020-11-29 21:25:16,40.16,-8.33,55.0,88,44,5.26
226,Eyl,SO,2020-11-29 21:25:17,7.98,49.82,77.72,77,4,18.1
227,Kodiak,US,2020-11-29 21:23:50,57.79,-152.41,33.8,69,90,5.97
228,Petropavlovsk-Kamchatskiy,RU,2020-11-29 21:23:09,53.05,158.65,19.4,92,90,6.71
229,Caravelas,BR,2020-11-29 21:25:18,-17.71,-39.25,75.52,80,92,6.69
230,Arraial Do Cabo,BR,2020-11-29 21:25:19,-22.97,-42.03,77.0,78,0,19.46
231,Carnarvon,AU,2020-11-29 21:25:19,-24.87,113.63,68.0,72,40,23.04
232,Rocha,UY,2020-11-29 21:25:19,-34.48,-54.33,76.68,63,0,8.32
233,Belaya Gora,RU,2020-11-29 21:25:20,68.53,146.42,-16.83,86,88,7.67
234,Eydhafushi,MV,2020-11-29 21:25:20,5.1,73.07,82.54,72,55,9.22
235,Champerico,GT,2020-11-29 21:25:21,14.3,-91.92,89.6,59,20,9.17
236,Ulladulla,AU,2020-11-29 21:25:21,-35.35,150.47,64.0,77,75,5.82
237,Tulun,RU,2020-11-29 21:25:21,54.56,100.58,13.05,93,100,5.19
238,Yulara,AU,2020-11-29 21:25:22,-25.24,130.99,86.0,25,96,16.11
239,Tuatapere,NZ,2020-11-29 21:25:22,-46.13,167.68,53.01,93,100,7.0
240,Store Heddinge,DK,2020-11-29 21:25:22,55.31,12.39,32.0,87,48,1.12
241,Warmbad,NA,2020-11-29 21:25:22,-28.45,18.73,70.88,31,0,11.54
242,Olinda,BR,2020-11-29 21:20:34,-8.01,-34.86,78.8,61,40,10.29
243,Grand-Santi,GF,2020-11-29 21:25:23,4.25,-54.38,76.41,93,85,3.29
244,Chimoio,MZ,2020-11-29 21:25:23,-19.12,33.48,75.2,100,75,5.82
245,Koungou,YT,2020-11-29 21:25:23,-12.73,45.2,77.0,88,0,2.24
246,Dudinka,RU,2020-11-29 21:25:24,69.41,86.18,6.8,84,90,26.84
247,Hamilton,US,2020-11-29 21:23:23,39.18,-84.53,53.6,46,1,3.06
248,Vega De Alatorre,MX,2020-11-29 21:25:25,20.03,-96.63,79.14,74,63,3.47
249,Riberalta,BO,2020-11-29 21:25:25,-10.98,-66.1,86.0,70,40,13.87
250,Sterling,US,2020-11-29 21:25:26,39.01,-77.43,55.4,43,75,5.82
251,Cidreira,BR,2020-11-29 21:25:26,-30.18,-50.21,81.19,73,0,1.68
252,Puerto Del Rosario,ES,2020-11-29 21:25:27,28.5,-13.86,62.6,88,40,2.24
253,Talas,TR,2020-11-29 21:25:27,38.69,35.55,26.6,73,0,3.15
254,Inverness,GB,2020-11-29 21:25:27,57.48,-4.22,46.4,81,91,16.11
255,Gravdal,NO,2020-11-29 21:25:27,68.12,13.5,44.6,87,75,23.04
256,Bengkulu,ID,2020-11-29 21:25:28,-3.8,102.27,74.46,84,100,2.39
257,Dawei,MM,2020-11-29 21:25:29,14.08,98.2,76.03,68,98,6.89
258,Praia,CV,2020-11-29 21:25:29,14.92,-23.51,73.4,69,40,11.41
259,Berekum,GH,2020-11-29 21:25:29,7.45,-2.58,74.19,86,26,3.71
260,Mount Gambier,AU,2020-11-29 21:25:30,-37.83,140.77,51.8,93,98,4.7
261,Paamiut,GL,2020-11-29 21:25:30,61.99,-49.67,27.61,85,8,11.74
262,Gladstone,AU,2020-11-29 21:25:30,-23.85,151.25,78.8,61,0,9.17
263,Hovd,MN,2020-11-29 21:25:31,48.01,91.64,12.76,90,100,1.14
264,Kaduqli,SD,2020-11-29 21:25:31,11.02,29.72,70.36,21,0,8.63
265,Geraldton,AU,2020-11-29 21:25:32,-28.77,114.6,64.4,72,98,13.87
266,Fortuna,US,2020-11-29 21:23:03,40.6,-124.16,60.01,58,38,1.99
267,Denkendorf,DE,2020-11-29 21:25:33,48.7,9.32,32.0,80,75,1.12
268,Turukhansk,RU,2020-11-29 21:25:33,65.82,87.98,-1.25,92,100,12.93
269,Winslow,US,2020-11-29 21:22:45,35.02,-110.7,46.4,42,1,4.7
270,Tuy Hoa,VN,2020-11-29 21:25:34,13.08,109.3,75.2,91,100,17.98
271,Kampot,KH,2020-11-29 21:25:34,10.62,104.18,80.6,69,40,9.17
272,Ketchikan,US,2020-11-29 21:24:57,55.34,-131.65,44.6,100,90,34.45
273,Omsk,RU,2020-11-29 21:25:35,55.0,73.4,3.2,84,75,4.47
274,Longyan,CN,2020-11-29 21:25:36,25.11,117.02,52.77,79,93,3.91
275,Araouane,ML,2020-11-29 21:25:36,18.9,-3.53,73.27,21,66,9.42
276,Palmer,US,2020-11-29 21:24:42,42.16,-72.33,48.99,42,20,4.7
277,Ostrovnoy,RU,2020-11-29 21:25:37,68.05,39.51,28.92,94,100,30.78
278,Tessalit,ML,2020-11-29 21:25:37,20.2,1.01,67.91,24,0,7.81
279,Mount Isa,AU,2020-11-29 21:25:38,-20.73,139.5,84.2,51,0,4.41
280,Woodstock,CA,2020-11-29 21:25:38,43.13,-80.75,46.4,65,100,5.82
281,Lima,PE,2020-11-29 21:25:03,-12.04,-77.03,66.2,82,90,14.99
282,Rio Grande,BR,2020-11-29 21:25:39,-32.03,-52.1,86.0,48,20,9.17
283,Casablanca,MA,2020-11-29 21:24:41,33.59,-7.62,57.2,100,75,5.82
284,West Bay,KY,2020-11-29 21:25:40,19.37,-81.42,84.2,70,20,12.75
285,Mutis,CO,2020-11-29 21:25:40,6.23,-77.4,80.69,82,84,7.18
286,Mahebourg,MU,2020-11-29 21:25:41,-20.41,57.7,75.2,88,75,6.93
287,Eau Claire,US,2020-11-29 21:25:25,44.81,-91.5,35.6,47,90,12.75
288,Terrenate,MX,2020-11-29 21:25:42,19.48,-97.92,75.2,27,5,14.99
289,Rudbar,AF,2020-11-29 21:25:42,30.15,62.6,54.59,41,86,2.21
290,Fairbanks,US,2020-11-29 21:24:02,64.84,-147.72,8.01,77,40,1.72
291,Morgan City,US,2020-11-29 21:25:43,29.7,-91.21,62.6,93,90,10.29
292,Talnakh,RU,2020-11-29 21:25:43,69.49,88.4,6.8,84,90,26.84
293,Maneadero,MX,2020-11-29 21:25:43,31.72,-116.57,66.0,61,0,5.01
294,Harper,LR,2020-11-29 21:25:44,4.38,-7.72,79.07,83,81,4.56
295,Gallup,US,2020-11-29 21:25:44,35.53,-108.74,50.0,27,1,3.6
296,Cabo San Lucas,MX,2020-11-29 21:25:18,22.89,-109.91,78.01,64,5,9.17
297,Kuandian,CN,2020-11-29 21:25:45,40.73,124.78,19.17,81,0,2.89
298,Valmiera,LV,2020-11-29 21:25:45,57.54,25.43,32.0,92,95,5.01
299,Bathsheba,BB,2020-11-29 21:25:45,13.22,-59.52,82.4,78,40,16.11
300,Shieli,KZ,2020-11-29 21:25:46,44.17,66.75,21.92,90,0,12.77
301,Umm Lajj,SA,2020-11-29 21:25:46,25.02,37.27,72.73,49,0,13.02
302,Salym,RU,2020-11-29 21:25:47,60.06,71.48,4.46,93,0,3.76
303,Korla,CN,2020-11-29 21:25:47,41.76,86.15,25.95,91,84,4.76
304,Wilmington,US,2020-11-29 21:23:01,34.23,-77.94,64.4,72,75,8.05
305,Tura,IN,2020-11-29 21:25:47,25.52,90.22,61.05,70,0,3.42
306,Coquimbo,CL,2020-11-29 21:24:01,-29.95,-71.34,64.4,68,0,13.87
307,Kavieng,PG,2020-11-29 21:25:49,-2.57,150.8,80.11,80,99,16.51
308,Kropotkin,RU,2020-11-29 21:25:49,45.44,40.58,37.92,91,0,8.37
309,Katsuura,JP,2020-11-29 21:25:49,35.13,140.3,48.2,66,75,9.17
310,Praia Da Vitoria,PT,2020-11-29 21:25:50,38.73,-27.07,60.01,71,75,26.19
311,Nalut,LY,2020-11-29 21:25:50,30.33,10.85,55.2,45,0,9.48
312,Bonthe,SL,2020-11-29 21:25:50,7.53,-12.51,79.29,83,83,4.43
313,Kalininsk,RU,2020-11-29 21:25:51,51.5,44.48,26.71,96,0,13.27
314,Marsa Matruh,EG,2020-11-29 21:25:51,31.35,27.25,57.2,71,20,9.06
315,Valls,ES,2020-11-29 21:23:22,41.29,1.25,55.0,81,20,6.93
316,Oudtshoorn,ZA,2020-11-29 21:21:45,-33.59,22.2,53.6,93,0,4.7
317,Llanes,ES,2020-11-29 21:25:52,43.42,-4.75,52.0,85,100,3.29
318,Swiecie,PL,2020-11-29 21:25:52,53.41,18.45,33.01,78,19,1.01
319,Walvis Bay,NA,2020-11-29 21:25:53,-22.96,14.51,57.99,87,0,8.05
320,Jiexiu,CN,2020-11-29 21:25:53,37.02,111.91,24.93,81,35,0.63
321,Iqaluit,CA,2020-11-29 21:25:53,63.75,-68.51,-11.2,63,20,14.99
322,Nadadores,MX,2020-11-29 21:25:54,27.05,-101.6,75.0,23,0,3.0
323,Riyadh,SA,2020-11-29 21:25:17,24.69,46.72,62.6,88,75,9.17
324,Galle,LK,2020-11-29 21:25:55,6.04,80.22,78.3,83,100,3.6
325,Tarakan,ID,2020-11-29 21:25:07,3.3,117.63,77.27,92,100,13.96
326,Zlobin,HR,2020-11-29 21:25:56,45.29,14.65,41.0,48,0,4.7
327,Nosy Varika,MG,2020-11-29 21:25:56,-20.58,48.53,75.51,83,10,9.6
328,New Norfolk,AU,2020-11-29 21:25:57,-42.78,147.06,59.0,65,46,1.01
329,Kaduna,NG,2020-11-29 21:25:58,10.52,7.44,72.48,22,0,7.23
330,Port Macquarie,AU,2020-11-29 21:25:58,-31.43,152.92,71.01,71,79,3.0
331,Coruripe,BR,2020-11-29 21:25:58,-10.13,-36.18,76.89,75,89,9.48
332,Kahului,US,2020-11-29 21:25:59,20.89,-156.47,80.6,57,40,11.41
333,Cherskiy,RU,2020-11-29 21:25:59,68.75,161.3,-9.47,90,100,4.5
334,Gaya,IN,2020-11-29 21:25:59,24.78,85.0,55.4,87,0,3.69
335,Muroto,JP,2020-11-29 21:26:00,33.28,134.15,50.0,61,75,10.29
336,Zapopan,MX,2020-11-29 21:24:08,20.72,-103.4,84.2,20,5,11.41
337,Salihorsk,BY,2020-11-29 21:21:10,52.79,27.54,31.66,99,100,6.29
338,Clyde River,CA,2020-11-29 21:26:01,70.47,-68.59,-14.8,75,1,3.36
339,Carballo,ES,2020-11-29 21:25:03,43.21,-8.69,54.0,90,100,2.19
340,Taltal,CL,2020-11-29 21:26:02,-25.4,-70.48,67.77,58,33,6.82
341,Panorama,GR,2020-11-29 21:26:02,40.59,23.03,57.0,93,40,2.48
342,Atasu,KZ,2020-11-29 21:26:03,48.68,71.64,-0.11,93,92,6.62
343,Ponta Delgada,PT,2020-11-29 21:26:03,37.73,-25.67,59.0,77,20,31.09
344,Sao Felix Do Xingu,BR,2020-11-29 21:26:03,-6.64,-51.99,81.14,74,100,0.43
345,Aksu,CN,2020-11-29 21:26:04,41.12,80.26,22.48,88,0,2.95
346,El Campo,US,2020-11-29 21:23:10,29.2,-96.27,57.99,66,90,20.8
347,Katangli,RU,2020-11-29 21:26:04,51.71,143.23,18.3,96,100,14.29
348,Hami,CN,2020-11-29 21:25:09,42.8,93.45,25.0,83,99,4.5
349,Pingliang,CN,2020-11-29 21:25:47,35.54,106.69,26.82,91,100,1.57
350,Dana Point,US,2020-11-29 21:26:06,33.47,-117.7,75.0,50,0,3.0
351,Yingcheng,CN,2020-11-29 21:26:06,30.95,113.55,39.2,86,0,6.71
352,Mapiripan,CO,2020-11-29 21:26:07,2.89,-72.13,83.32,69,31,5.64
353,Lasa,IT,2020-11-29 21:26:07,46.62,10.7,33.01,80,5,5.82
354,Da Lat,VN,2020-11-29 21:26:08,11.95,108.44,60.44,100,99,4.92
355,Vanimo,PG,2020-11-29 21:26:08,-2.67,141.3,78.35,86,100,6.78
356,Angoche,MZ,2020-11-29 21:26:08,-16.23,39.91,79.83,83,25,5.23
357,Etchoropo,MX,2020-11-29 21:26:08,26.77,-109.67,82.0,26,8,3.0
358,Haines Junction,CA,2020-11-29 21:26:09,60.75,-137.51,32.0,93,22,5.82
359,Nieuw Amsterdam,SR,2020-11-29 21:26:09,5.88,-55.08,82.4,78,40,8.05
360,Krizevci,HR,2020-11-29 21:26:10,46.02,16.54,32.0,92,0,2.24
361,Jogeva,EE,2020-11-29 21:26:10,58.75,26.39,32.0,97,100,6.93
362,Mocuba,MZ,2020-11-29 21:26:11,-16.84,36.99,74.57,84,32,2.89
363,Bilibino,RU,2020-11-29 21:26:11,68.05,166.44,-13.47,87,100,0.78
364,Barcelos,PT,2020-11-29 21:26:11,41.54,-8.62,57.2,71,20,5.82
365,Stromness,GB,2020-11-29 21:26:12,58.97,-3.3,46.4,87,40,17.22
366,Bay City,US,2020-11-29 21:26:12,43.59,-83.89,48.2,61,1,14.99
367,Norman Wells,CA,2020-11-29 21:26:13,65.28,-126.83,-5.8,83,40,4.14
368,Kabanjahe,ID,2020-11-29 21:26:13,3.1,98.49,77.0,100,40,2.24
369,Opportunity,US,2020-11-29 21:26:14,47.65,-117.24,44.01,63,1,6.93
370,Hansot,IN,2020-11-29 21:26:14,21.58,72.8,75.83,54,37,8.88
371,Denpasar,ID,2020-11-29 21:24:02,-8.65,115.22,77.0,94,75,3.36
372,Wanning,CN,2020-11-29 21:26:15,18.8,110.4,69.08,80,100,15.86
373,San Quintin,MX,2020-11-29 21:26:15,30.48,-115.95,68.88,32,0,7.45
374,Krasnoselkup,RU,2020-11-29 21:26:15,65.7,82.47,6.71,94,100,14.16
375,Labuhan,ID,2020-11-29 21:26:16,-6.88,112.21,76.06,88,100,9.84
376,Buala,SB,2020-11-29 21:26:16,-8.14,159.59,83.21,72,80,8.86
377,Rock Sound,BS,2020-11-29 21:26:16,24.9,-76.2,76.91,81,65,13.51
378,Ayan,RU,2020-11-29 21:26:17,56.45,138.17,2.52,87,7,15.77
379,Padang,ID,2020-11-29 21:21:18,-0.95,100.35,77.04,73,81,3.69
380,Churapcha,RU,2020-11-29 21:26:17,62.0,132.43,-28.44,85,95,0.4
381,Mariinskiy Posad,RU,2020-11-29 21:26:18,56.12,47.72,32.0,98,75,11.18
382,Karangampel,ID,2020-11-29 21:26:18,-6.46,108.45,79.18,78,100,4.99
383,Manokwari,ID,2020-11-29 21:26:18,-0.87,134.08,79.48,74,98,3.8
384,Deputatskiy,RU,2020-11-29 21:26:18,69.3,139.9,-14.35,89,12,6.55
385,Abu Dhabi,AE,2020-11-29 21:22:22,24.47,54.37,71.6,78,0,2.24
386,Ossora,RU,2020-11-29 21:26:18,59.24,163.07,18.73,95,96,5.61
387,Seoul,KR,2020-11-29 21:26:18,37.57,126.98,24.8,79,1,4.21
388,Turbat,PK,2020-11-29 21:26:18,26.0,63.04,67.75,24,0,5.73
389,Limon,CR,2020-11-29 21:26:19,10.0,-83.03,82.4,78,75,11.41
390,Khorramshahr,IR,2020-11-29 21:26:20,30.44,48.17,64.4,88,75,9.17
391,Bajil,YE,2020-11-29 21:26:20,15.06,43.29,80.11,67,12,5.61
392,Mladenovac,RS,2020-11-29 21:26:20,44.44,20.7,35.6,93,75,3.36
393,Naze,JP,2020-11-29 21:22:09,28.37,129.48,64.4,68,90,19.46
394,Asmar,AF,2020-11-29 21:26:21,35.03,71.36,51.08,38,0,10.51
395,Rapid Valley,US,2020-11-29 21:26:21,44.06,-103.15,39.99,21,1,4.7
396,Uyutne,UA,2020-11-29 21:26:22,45.2,33.3,51.89,75,95,9.4
397,Nenjiang,CN,2020-11-29 21:26:22,49.18,125.22,2.32,91,91,5.57
398,Pitimbu,BR,2020-11-29 21:26:22,-7.47,-34.81,78.8,74,0,11.41
399,Luanda,AO,2020-11-29 21:25:27,-8.84,13.23,80.6,83,40,8.05
400,Garmsar,IR,2020-11-29 21:26:22,35.22,52.34,47.73,86,100,1.72
401,Okha,RU,2020-11-29 21:26:23,53.57,142.95,21.67,95,100,17.58
402,Ulaangom,MN,2020-11-29 21:26:23,49.98,92.07,10.83,92,100,3.04
403,Presidencia Roque Saenz Pena,AR,2020-11-29 21:26:23,-26.79,-60.44,91.99,61,47,10.0
404,Tabou,CI,2020-11-29 21:26:23,4.42,-7.35,79.25,82,52,4.29
405,Jumla,NP,2020-11-29 21:26:23,29.27,82.18,42.66,54,0,3.65
406,Kidal,ML,2020-11-29 21:26:24,18.44,1.41,74.79,19,36,8.88
407,Sakakah,SA,2020-11-29 21:26:24,29.97,40.21,53.6,81,0,5.82
408,Agadez,NE,2020-11-29 21:26:24,19.75,10.25,68.81,26,0,3.4
409,Inta,RU,2020-11-29 21:26:24,66.03,60.17,15.82,92,100,24.63
410,Piranhas,BR,2020-11-29 21:26:24,-16.43,-51.82,89.26,40,15,4.29
411,Srednekolymsk,RU,2020-11-29 21:26:24,67.45,153.68,-14.73,89,100,6.58
412,Moron,AR,2020-11-29 21:26:24,-34.65,-58.62,87.8,39,0,10.29
413,Ouro Preto Do Oeste,BR,2020-11-29 21:26:25,-10.75,-62.22,90.37,49,53,3.85
414,Luwuk,ID,2020-11-29 21:26:25,-0.95,122.79,78.48,76,99,2.19
415,Andrelandia,BR,2020-11-29 21:26:25,-21.74,-44.31,71.26,75,24,2.68
416,Constitucion,CL,2020-11-29 21:26:26,-35.33,-72.42,65.37,49,0,18.75
417,Talmenka,RU,2020-11-29 21:26:26,53.82,83.57,19.4,85,40,4.47
418,Savannah Bight,HN,2020-11-29 21:26:26,16.45,-85.85,86.0,70,20,10.29
419,Nuh,IN,2020-11-29 21:26:27,28.12,77.02,66.99,81,0,2.86
420,Nyurba,RU,2020-11-29 21:26:27,63.28,118.33,-12.23,89,65,7.96
421,Manta,EC,2020-11-29 21:26:27,-0.95,-80.73,75.2,83,90,9.17
422,Richards Bay,ZA,2020-11-29 21:26:27,-28.78,32.04,66.45,77,9,4.59
423,King City,US,2020-11-29 21:26:27,36.21,-121.13,70.0,77,0,0.56
424,Yangshan,CN,2020-11-29 21:26:28,28.76,115.03,38.57,90,37,3.74
425,Quatre Cocos,MU,2020-11-29 21:26:28,-20.21,57.76,75.2,88,75,6.93
426,Thanh Hoa,VN,2020-11-29 21:26:28,19.8,105.77,61.97,68,82,5.01
427,Mabaruma,GY,2020-11-29 21:26:28,8.2,-59.78,80.6,80,28,3.85
428,Ereymentau,KZ,2020-11-29 21:26:28,51.62,73.1,-4.18,93,100,4.81
429,Saryg-Sep,RU,2020-11-29 21:26:28,51.5,95.6,-6.88,89,62,1.7
430,Nicoya,CR,2020-11-29 21:26:28,10.15,-85.45,80.6,83,40,8.05
431,Shushenskoye,RU,2020-11-29 21:26:28,53.33,91.94,12.2,85,90,1.43
432,Puerto Suarez,BO,2020-11-29 21:26:29,-18.95,-57.8,100.4,35,20,6.93
433,Nueve De Julio,AR,2020-11-29 21:26:29,-35.44,-60.88,78.01,39,100,11.01
434,Port-Cartier,CA,2020-11-29 21:26:29,50.03,-66.87,30.2,68,31,12.75
435,Kuminskiy,RU,2020-11-29 21:26:30,58.67,66.57,7.02,95,0,2.66
436,Santa Helena De Goias,BR,2020-11-29 21:26:30,-17.81,-50.6,86.58,43,20,4.12
437,Visby,SE,2020-11-29 21:26:30,57.64,18.3,35.6,93,63,3.36
438,Severodvinsk,RU,2020-11-29 21:26:31,64.56,39.83,19.4,85,90,4.47
439,Bagdarin,RU,2020-11-29 21:26:31,54.43,113.6,-4.14,85,0,3.29
440,Huangmei,CN,2020-11-29 21:26:31,30.19,116.03,41.56,76,0,5.5
441,Sargatskoye,RU,2020-11-29 21:26:32,55.61,73.5,2.01,93,0,6.35
442,Verkhoyansk,RU,2020-11-29 21:26:32,67.54,133.38,-20.0,85,94,2.8
443,Broken Hill,AU,2020-11-29 21:26:32,-31.95,141.43,68.0,37,2,13.87
444,Sulina,RO,2020-11-29 21:26:33,45.16,29.65,44.64,81,100,8.86
445,Saint Anthony,US,2020-11-29 21:26:33,45.02,-93.22,35.6,37,1,16.11
446,Kuryk,KZ,2020-11-29 21:26:33,43.2,51.65,38.66,68,100,20.96
447,Hofn,IS,2020-11-29 21:26:34,64.25,-15.21,37.9,74,85,13.47
448,Quelimane,MZ,2020-11-29 21:26:35,-17.88,36.89,80.6,83,0,8.05
449,Barpathar,IN,2020-11-29 21:26:35,26.3,93.87,58.82,84,0,0.96
450,Samana,DO,2020-11-29 21:26:35,19.21,-69.34,87.8,70,20,8.37
451,Faya,SA,2020-11-29 21:26:35,18.39,42.45,59.0,76,0,2.17
452,Praya,CV,2020-11-29 21:26:36,14.92,-23.51,73.4,69,40,11.41
453,Pangkalanbuun,ID,2020-11-29 21:26:36,-2.68,111.62,72.57,98,100,2.26
454,Taclobo,PH,2020-11-29 21:26:36,12.31,122.59,80.76,78,6,13.85
455,Giddalur,IN,2020-11-29 21:26:37,15.35,78.92,68.79,94,45,3.89
456,Aromashevo,RU,2020-11-29 21:26:37,56.86,68.64,1.15,93,5,4.5
457,Bandarbeyla,SO,2020-11-29 21:26:37,9.49,50.81,76.71,78,0,12.64
458,Chernyshevskiy,RU,2020-11-29 21:26:38,63.01,112.47,-11.0,92,93,5.55
459,Saquarema,BR,2020-11-29 21:26:38,-22.92,-42.51,77.0,88,20,19.46
460,Beyneu,KZ,2020-11-29 21:26:38,45.32,55.2,33.49,88,98,19.77
461,Ola,RU,2020-11-29 21:26:39,59.58,151.28,11.43,89,98,9.89
462,Athabasca,CA,2020-11-29 21:26:39,54.72,-113.29,24.8,62,76,5.82
463,Luis Correia,BR,2020-11-29 21:26:39,-2.88,-41.67,81.19,75,0,12.95
464,Kenora,CA,2020-11-29 21:26:40,49.82,-94.43,17.6,72,90,12.75
465,Chara,RU,2020-11-29 21:26:40,56.91,118.26,-9.76,77,13,1.45
466,Nagua,DO,2020-11-29 21:23:40,19.38,-69.85,84.2,83,40,9.17
467,Huadian,CN,2020-11-29 21:26:41,42.96,126.75,13.91,91,0,7.52
468,Lixourion,GR,2020-11-29 21:26:41,38.2,20.43,60.31,78,100,13.13
469,Stranda,NO,2020-11-29 21:26:41,62.31,6.94,48.2,61,75,13.87
470,Husavik,IS,2020-11-29 21:26:42,66.04,-17.34,30.2,86,75,5.1
471,Semey,KZ,2020-11-29 21:23:13,50.41,80.23,8.08,93,0,2.39
472,Maumere,ID,2020-11-29 21:26:42,-8.62,122.21,81.84,68,47,3.15
473,Bambanglipuro,ID,2020-11-29 21:26:42,-7.95,110.28,73.76,83,91,4.16
474,Mackay,AU,2020-11-29 21:24:29,-21.15,149.2,77.0,73,2,6.93
475,Ust-Uda,RU,2020-11-29 21:26:43,54.17,103.03,9.55,95,100,2.71
476,Port Blair,IN,2020-11-29 21:23:08,11.67,92.75,80.73,78,0,14.85
477,Hirara,JP,2020-11-29 21:26:44,24.8,125.28,69.53,73,33,29.35
478,Plouzane,FR,2020-11-29 21:26:44,48.38,-4.62,48.2,100,0,2.24
479,Dourdan,FR,2020-11-29 21:26:44,48.53,2.01,36.0,89,0,1.01
480,Batticaloa,LK,2020-11-29 21:26:45,7.71,81.69,79.12,83,100,6.87
481,Nemuro,JP,2020-11-29 21:26:45,43.32,145.57,33.69,87,29,9.89
482,Moindou,NC,2020-11-29 21:26:45,-21.69,165.68,78.8,50,0,5.82
483,Bartica,GY,2020-11-29 21:26:46,6.4,-58.62,78.8,94,75,4.7
484,Kanina,CD,2020-11-29 21:26:46,-10.73,25.47,63.41,84,87,2.48
485,Cam Ranh,VN,2020-11-29 21:26:46,11.92,109.16,77.0,94,75,19.46
486,Vila Franca Do Campo,PT,2020-11-29 21:26:47,37.72,-25.43,59.0,77,20,31.09
487,Port Shepstone,ZA,2020-11-29 21:26:47,-30.74,30.45,67.35,73,100,1.03
488,Port Moresby,PG,2020-11-29 21:26:48,-9.44,147.18,77.0,94,75,3.36
489,Misratah,LY,2020-11-29 21:26:48,32.38,15.09,65.16,48,0,19.42
490,Vardo,NO,2020-11-29 21:26:48,70.37,31.11,32.0,83,20,49.44
491,Chenghai,CN,2020-11-29 21:26:49,23.46,116.77,60.8,67,0,6.71
492,Calabozo,VE,2020-11-29 21:26:49,8.92,-67.43,83.08,80,71,4.12
493,Olafsvik,IS,2020-11-29 21:26:50,64.89,-23.71,31.19,92,63,16.46
494,Nova Venecia,BR,2020-11-29 21:26:50,-18.71,-40.4,74.14,84,5,6.71
495,Bouloupari,NC,2020-11-29 21:26:51,-21.87,166.05,78.8,50,0,5.82
496,Bazarnyy Syzgan,RU,2020-11-29 21:26:51,53.75,46.75,20.25,96,33,10.63
497,Kumluca,TR,2020-11-29 21:26:51,36.37,30.29,58.59,63,100,4.5
498,Lorengau,PG,2020-11-29 21:26:51,-2.02,147.27,82.18,78,100,2.98
499,Jiuquan,CN,2020-11-29 21:26:52,39.74,98.52,20.39,84,92,0.67
500,Umm Kaddadah,SD,2020-11-29 21:26:52,13.6,26.69,66.69,24,0,13.89
501,Sao Borja,BR,2020-11-29 21:26:53,-28.66,-56.0,76.93,90,94,3.6
502,Berlevag,NO,2020-11-29 21:26:53,70.86,29.09,30.2,80,0,34.45
503,Fort Payne,US,2020-11-29 21:26:13,34.44,-85.72,53.6,93,90,6.17
504,Acurenam,GQ,2020-11-29 21:26:54,1.03,10.65,68.88,98,4,3.29
505,Laguna,US,2020-11-29 21:26:54,38.42,-121.42,64.0,36,1,3.11
506,Palmas,BR,2020-11-29 21:26:54,-10.21,-48.36,89.6,43,20,5.82
507,Kazerun,IR,2020-11-29 21:26:55,29.62,51.65,59.94,70,32,2.1
508,Okhotsk,RU,2020-11-29 21:26:55,59.38,143.3,4.37,85,100,14.34
509,Pringsewu,ID,2020-11-29 21:26:55,-5.36,104.97,71.96,90,90,2.86
510,Birao,CF,2020-11-29 21:26:56,10.28,22.79,71.89,26,0,5.32
511,Ostuni,IT,2020-11-29 21:24:50,40.73,17.58,59.0,77,75,16.11
512,Juatuba,BR,2020-11-29 21:24:38,-19.95,-44.34,80.6,47,40,10.29
513,Soyo,AO,2020-11-29 21:26:57,-6.13,12.37,79.41,86,100,6.62
514,Pingdu,CN,2020-11-29 21:26:57,36.78,119.95,24.8,92,1,2.24
515,La Ligua,CL,2020-11-29 21:26:57,-32.45,-71.23,78.8,47,0,9.17
516,Oeiras Do Para,BR,2020-11-29 21:26:58,-2.0,-49.85,81.9,77,100,3.0
517,Makokou,GA,2020-11-29 21:26:58,0.57,12.86,70.34,92,50,2.91
518,Gramsh,AL,2020-11-29 21:26:58,40.87,20.18,51.12,64,100,5.84
519,Acapulco,MX,2020-11-29 21:23:11,16.86,-99.89,86.0,70,75,4.7
520,Tynda,RU,2020-11-29 21:26:59,55.17,124.72,-8.84,87,98,4.23
521,Kerman,IR,2020-11-29 21:26:59,30.28,57.08,48.2,31,75,6.93
522,Cankuzo,BI,2020-11-29 21:27:00,-3.13,30.58,58.06,99,73,1.16
523,Hun,LY,2020-11-29 21:27:00,29.13,15.95,60.82,32,0,8.1
524,Bilma,NE,2020-11-29 21:27:00,18.69,12.92,71.89,22,0,5.46
525,Artesia,US,2020-11-29 21:27:01,33.87,-118.08,78.8,10,1,8.05
526,Hasaki,JP,2020-11-29 21:27:01,35.73,140.83,39.2,86,75,2.24
527,George,ZA,2020-11-29 21:27:02,-33.96,22.46,53.6,93,0,4.7
528,Gambela,ET,2020-11-29 21:27:02,8.25,34.58,76.32,72,10,3.24
529,Lincoln,US,2020-11-29 21:27:02,40.8,-96.67,39.99,48,22,11.99
530,Shubarkuduk,KZ,2020-11-29 21:27:03,49.14,56.49,14.09,94,0,10.09
531,Tinskoy,RU,2020-11-29 21:27:03,56.15,96.92,7.21,92,100,5.48
532,Payson,US,2020-11-29 21:24:38,40.04,-111.73,43.0,55,1,4.7
533,Camalu,MX,2020-11-29 21:27:04,30.85,-116.07,75.99,6,0,6.26
534,Canyon,US,2020-11-29 21:25:03,34.98,-101.92,46.0,43,1,5.01
535,Dzhebariki-Khaya,RU,2020-11-29 21:27:05,62.22,135.8,-26.25,85,81,0.29
536,Arona,ES,2020-11-29 21:27:05,28.1,-16.68,66.0,59,20,10.29
537,Avera,US,2020-11-29 21:27:06,33.19,-82.53,59.0,87,90,1.74
538,Hindaun,IN,2020-11-29 21:27:06,26.72,77.02,57.87,50,0,2.24
539,Kutum,SD,2020-11-29 21:27:06,14.2,24.67,59.4,29,0,6.8
540,Sao Joao Da Barra,BR,2020-11-29 21:27:07,-21.64,-41.05,80.6,74,0,20.8
541,Meulaboh,ID,2020-11-29 21:27:07,4.14,96.13,75.81,89,67,4.38
542,Capreol,CA,2020-11-29 21:27:07,46.71,-80.92,43.0,80,75,9.17
543,Huarmey,PE,2020-11-29 21:27:08,-10.07,-78.15,70.32,72,85,11.21
544,Bafata,GW,2020-11-29 21:27:08,12.17,-14.75,76.98,28,35,5.26
545,Pontian Kecil,MY,2020-11-29 21:27:08,1.48,103.39,80.01,94,20,2.24
546,Cayenne,GF,2020-11-29 21:27:08,4.93,-52.33,80.6,83,90,3.36
547,La Ronge,CA,2020-11-29 21:27:09,55.1,-105.28,30.2,54,28,3.36
548,Soroti,UG,2020-11-29 21:27:09,1.71,33.61,67.17,89,1,3.44
549,Pingyin,CN,2020-11-29 21:27:09,36.28,116.45,35.01,81,0,3.56
550,Stornoway,GB,2020-11-29 21:27:10,58.21,-6.39,46.99,93,100,1.01
551,Gizo,SB,2020-11-29 21:27:10,-8.1,156.84,81.14,75,100,10.92
